 {
    "classes":[
      {
      "type_name": "短剧",
      "type_id": "短剧"
      }
    
    ],

    "cookie": "https://agit.ai/30215429/TVBox/raw/branch/master/bilibili/cookie.txt",
 "filter":{
 "短剧": [
    {"key": "order","name": "排序","value": [
{"n": "最多点击","v": "click"},
{"n": "最新发布","v": "pubdate"},
{"n": "最多弹幕","v": "dm"},
{"n": "最多收藏","v": "stow"}
]},
       {"key": "duration","name": "时长","value": [
          {"n": "60分钟以上","v": "4"},
          {"n": "30~60分钟","v": "3"}
       ]}
       ]


    }}
