 {
 "cookie":"https://agit.ai/30215429/TVBox/raw/branch/master/bilibili/cookie.txt",
     "classes": [
{"type_name": "MT管理器","type_id": "MT管理器"}, 
{"type_name": "网盘挂载","type_id": "网盘挂载"}, 
{"type_name": "alist+WebDav","type_id": "alist+WebDav"}, 
{"type_name": "Photoshop","type_id": "PS教程"},
{"type_name": "EXCEL","type_id": "EXCEL教程"}, 
{"type_name": "office","type_id": "office教程"}, 
{"type_name": "WPS","type_id": "WPS教程"}, 
{"type_name": "Studio one","type_id": "Studio one教程"}, 
{"type_name": "声卡调试","type_id": "声卡调试"}, 
{"type_name": "Git入门到精通","type_id": "Git入门到精通"}
]
} 